,sentiment,post
0,1,Client work for rt and favorite happy.1
1,1,year old i am commenting on all the new ladylike videos. trust me. not a troll
2,1,Superstar thanks so much for the kind words! Look forward to seeing you soon buddy smile.1
3,1,Surround yourself with positivity happy.1
4,1,getting 70k
5,0,Becoz if we will depend on your promoting its waste of hardwork to all team who
6,0,Youngjae looked so ğŸ˜” in the video ğŸ˜§
7,0,this is damn.... theres people who sincerely want to attend BH birthday party but bcs of those people who try for fun make them ca.14
8,0,Work at 7 this morning ğŸ˜§
9,1,Yes.1
10,1,30 likes?} hehe
11,0,but in reality they're just patches of dusty dirt ğŸ˜§
12,1,who knows ğŸ˜„
13,0,got to aksis 2nd part and have a CP for him but have never completed it since return on investment dropped laughing out loud ğŸ˜§
14,1,plus I want to win that Merc C63 silence Sooo! ğŸ˜Š
15,0,Today is 4-20 which is Hitler's birthday ğŸ˜§
16,1,Tell us about ğŸ˜Š
17,0,I'm so sorry to see your tweet ğŸ˜§ Please could you DM your address details? I will look i
18,1,on Snapchat ğŸ˜Š
19,0,I miss the 7/27 costumes ğŸ˜§
20,1,chaged for the best for our Singto. Please
21,1,i wasn't saying i read a book today.1
22,0,i don%27t know if you saw my comment yet
23,1,Alaye give me iphone7 or dollars for my birthdayDo normal abeg
24,0,Hey screenshot sainyo . Hmm tumagal sana us . Stay what uu are . Im always here fr uu no matter what . Luv uu so mats
25,1,Thanks for the recent follow Happy to connect ğŸ˜Š have a great Thursday. Want this.3
26,1,instant message perfectly fine ğŸ˜„ how about you fellow ken
27,0,Scout photobombed my bluebells photo ğŸ˜”
28,0,Deep scratch ;_;All the paint is gone you see the bare metal. So it needs to be fixed to avoid getting a rusting car soon ğŸ˜§
29,0,younhappy I'll keep it jyoust for you
30,1,Thanks for the recent follow Happy to connect ğŸ˜Š have a great Thursday. Get this
31,0,We lost: at Jacksonville
32,0,One table last night told me I look like a graceful ballerina gliding through tables- then another told me I looked like a flash dancer ğŸ˜§
33,1,Im getting one too ğŸ˜­ ğŸ˜­ ğŸ˜­ ğŸ˜­
34,0,Joy we should get him back
35,0,Never want to finish desperate housewives what will I do with my life ğŸ˜§
36,1,Thanks for the recent follow Happy to connect ğŸ˜Š have a great Thursday..13
37,0,if i get 900 retweets and 900 likes. help me ğŸ˜§ un.2
38,0,let alone for free!)
39,1,Nice gif ğŸ˜Š
40,1,Mmmm... the blood of my enemies... ğŸ˜Š
41,1,We bought a 523 litre fridge. I am applying for cold storage license in Bhayander West ğŸ˜„
42,0,Nooo your hair color is pretty
43,0,now i don%27t want to go camp ğŸ˜§
44,0,this is damn.... theres people who sincerely want to attend BH birthday party but bcs of those people who try for fun make them ca.8
45,1,SONE who cant stream at Genie!You CAN stream for TY at Genie! We are still sharing some Genie IDs. If you want it.2
46,0,yeah ğŸ˜”
47,0,Been streaminuteg for 45 minute not understanding a thing and still.. ğŸ˜§
48,0,Ye... I will miss you ğŸ˜§
49,0,beauty
50,1,Can you PM me ? ğŸ˜„
51,1,Released my 3rd episode of programming for everyone! Be sure to check it out ğŸ˜Š
52,1,Hi Kylie
53,0,Why is it so difficult for me to get at least a chance ğŸ˜§
54,1,Happy birthday
55,1,As the last event for chapter 1
56,0,I WAITED FOR YOU ğŸ˜§
57,1,Bill Nye Answers Science Questions From Twitter | WIRED
58,1,we just reply to his tweets?? Like all his other followers do.....This is pointless
59,0,Definitely my arms ğŸ˜§ .7
60,1,I'm not lost
61,0,No one is offering this poor old lady a seat ğŸ˜§
62,1,Good Morning Peady
63,0,I only just absorbed that I'm not going to get to laugh when he gets 2000 votes. ğŸ˜§ .3
64,1,Thank you crew happy.3
65,1,Does not matter
66,1,always running out of space on my phone
67,0,I cried so much
68,1,Thanks for the this week
69,0,I miss you Levi ğŸ˜§
70,1,Jamie. Passion + perseverance equals two of the not-so-secret ingredients in the secret sauce of success ğŸ˜Š
71,1,Get this to 150!!
72,1,mutual: let's talk more!me: for sure!mutual: ğŸ˜Š me:.8
73,0,[thinks about how tfp soundwave is forever trapped in the void realm] ğŸ˜§
74,0,Streaming later in the day (night stream) since i have to go and take care of the internet contract
75,0,#NAME?
76,1,Thanks for the recent follow Happy to connect ğŸ˜Š have a great Thursday..23
77,1,TICKETS AVAILABLE NOW for The 401 Festival of Running 2017
78,0,I just finished gym
79,1,Update: I got in ğŸ˜„
80,0,please do commend him. H
81,0,Shameful
82,0,Thanks for that! Little things like that really help when sleep starts hitting and you don't drink coffee or energy drinks ğŸ˜§
83,0,Speech-to-text doesnt understand my accent or Irish names ğŸ˜§
84,0,Lage ğŸ˜§
85,1,Many thanks
86,1,Did you notice? There is no killings of RSS / BJP workers in another Southern State? CM is dismantling Xtian infra in Munnar?.1
87,1,I had all and then most of you
88,0,Haven't played FM in a long time. I really should. ğŸ˜§
89,0,I sincerely hope not too many priceless antiques were destroyed. Reg
90,0,don't rt to save a guy's life
91,1,made dinner for two tonight happy.1
92,0,come to Miami ğŸ˜”
93,0,it's $10 but also free postage. i wish the seller had yanan and yeo one too. ğŸ˜§
94,0,PSA: REMEMBER THIS WHEN YOU ASK ARTISTS TO DRAW FOR YOU. I'd say the same thing for writers but apparently commissi
95,0,Shaandaar
96,0,today hasn't been great ğŸ˜§
97,1,Soon I'll make arts ğŸ˜Š
98,1,Please
99,0,A fish killer going to be pressed younhappy I the hoe of today you were a GOOD person
100,0,they would have sustained their fame if they did ğŸ˜§
101,0,why did she delete the tweet
102,1,I hit that
103,0,Umma why you do this ğŸ˜†
104,1,1st day of JA Entertainment's Marathi Film Savita Damodar Paranjpe Have been a big fan of this story. Finally get
105,1,good
106,0,dang guess my plans are ruined ğŸ˜§
107,1,Superstar thanks so much for the kind words! Look forward to seeing you soon buddy smile.2
108,1,look how big I've become!
109,0,[PLEASE RT] he'll buy me a blinking taehyung headband.2
110,0,Definitely my arms ğŸ˜§ .9
111,0,I just told them to bugger off and hung up! They waned access to my pc. If they phoned someone like my Gran
112,0,Thank you ğŸ˜§ i need a certificate signed from God
113,0,Definitely my arms ğŸ˜§ .12
114,1,Who wants some good vibes? Watch this on YouTube or TV100 application now for FREE happy.2
115,1,which is good for him happy.1
116,0,babies ğŸ˜§
117,1,And that's what's important! ğŸ˜Š that's what I'm trying to remember.
118,1,Maayos didn%27t ang lahat ğŸ˜Š lets give him a space and time ğŸ˜Š
119,0,does it have flip out scr
120,1,Here is a new thesis by another genius.Sir
121,0,jungkook looks like he gives the biggest and warmest hugs ğŸ˜§
122,0,Definitely my arms ğŸ˜§ .3
123,1,Go back to school for music! I think I will in time happy.2
124,0,but customs mean we can't send food abroad ğŸ˜§ We do hope your other Birthday dreams come true
125,0,talking to my over driver about where I'm goinghe said he'd ğŸ˜ to go to New York too but since Trump it's probably not.5
126,0,HOLY SHIT! 40 pages script of the opening scene of Man Of Steel on Krypton got compressed.I wish I could at least
127,0,Just please look at how scared and full of tence lauren's face is after tryin reaching camila's hand
128,0,pamura isa because in this very moment
129,1,Well.1
130,0,Maa ki kuss tumhari. Now take this bullshit you loser.
131,1,Thanks for the recent follow Happy to connect ğŸ˜Š have a great Thursday..19
132,0,[PLEASE RT] he'll buy me a blinking taehyung headband
133,0,instant message still hoping ğŸ˜§ .1
134,0,my boyfriend mad cute ğŸ˜§
135,1,25x25? I can go first ğŸ˜Š
136,1,papa bird? I hope year oldu don't mind? Because I want to stay with year old
137,1,Shihaaaa help me on my bishie hunttt equals ^ equals )
138,0,One year ago today ğŸ˜§ .1
139,1,Sixth spot not applicable Team! Higher pa! ğŸ˜Š ğŸ˜˜ TheFashionIcon
140,0,True ğŸ˜§
141,0,Hey guys could you help me by retweeting this? I've heard was legitimate and I really need a VPN account rig
142,0,Lets hope a VIP does this good deed. I want to watch this too . They shouldn't have done thi
143,0,Jyoust hyoug me
144,0,Ok will do! I never had any problems with the old ticket app
145,0,yoongi come back ğŸ˜§
146,0,Yeah did update to 16.04
147,0,i miss minmin ğŸ˜†
148,1,hey.1
149,1,EVERY time I think that my skin is getting better
150,0,24-20 ğŸ˜§
151,0,Mine hasn't been sending stuff ğŸ˜§
152,1,Thanks for the recent follow Happy to connect ğŸ˜Š have a great Thursday..20
153,1,Gourmet chocolates are special and should be reserved for special occasions. Plain MMs
154,0,I honestly think that their just trying to get rid of me and make a mockery out of me in my Town because i just wont admit it. ğŸ˜§
155,1,Happy 420 everyone ğŸ˜Š
156,1,Good luck ğŸ˜Š
157,0,I face swapped a cat with a dog and it's really upsetting ğŸ˜§ .4
158,0,mom please stop making cookies
159,0,this is jimin to yoongi ğŸ˜§ .4
160,0,Yeah! My sight reading was pretty good in high school.1
161,1,much appreciated ğŸ˜Š (Want this for It's Magical!
162,0,MUZ U MORE
163,1,I really must go see Power Rangers again. ğŸ˜­
164,1,if josie
165,0,I miss it already ğŸ˜§
166,0,the application is Kana Kanji Funtime! Sadly
167,0,Andy ğŸ˜§
168,1,retweet this tweet if you want your to be included in the nhc scrapbook!! i'll be making something out of all of the usern
169,0,2010 Week 11
170,0,The biblical lectures are coming. More notification soon. Tomorrow
171,1,.Thanks so much for the RT
172,1,as long as she's cool
173,0,instant message still bored ğŸ˜§
174,1,Broadcaster says Fly Away reminds him of early ğŸ˜Š
175,0,Bantay? ğŸ˜§
176,1,see the next tweet! I did about 5 different things while keeping very calm
177,1,if anyone has got a design or could find me one I would be so grateful to you ğŸ˜„
178,0,this is damn.... theres people who sincerely want to attend BH birthday party but bcs of those people who try for fun make them ca.3
179,0,This escalated quickly
180,1,I ğŸ˜ it when pretty girls call me pretty like bitch tf you too ğŸ˜Š let's be friends
181,0,how to be you piss off ğŸ˜† 3
182,0,Looks awesome Annette
183,0,Well thanks for stoping by ğŸ˜§
184,1,the perfect dress
185,1,No stress Mariana
186,0,the girl in front of me was
187,1,We're you also at our signing session with Qian Liu Jared Wright after the last performance of Onegin? Share your
188,0,Definitely my arms ğŸ˜§ .10
189,0,this is jimin to yoongi ğŸ˜§ .6
190,1,tonight 7pm
191,0,Roc Boyz ğŸ˜” .1
192,1,=Thumbnail UHC= This is my best render ever :Dand Favs are appreciated brosOpinios ?
193,1,From soup and sandwiches to slow cooked pork
194,0,Peacefully sitting here reading my book after work
195,1,not being spe
196,1,Watch your words ğŸ˜Š
197,1,I'll like her ğŸ˜Š
198,0,Annoyingly the spaces in the variable width version of the C64 font that's available on the internet are wi
199,0,ich will ned ğŸ˜§
200,0,Need your help guys ğŸ˜†
201,1,Facts About Parrots in Minecraft coming soon!! ğŸ˜„
202,1,Go :*!!... I know you can do it..
203,0,where's justin i miss him ğŸ˜§
204,0,I miss London already ğŸ˜§
205,0,It seems they cost abut 40k a year? I'm paying half that for my full education and don't get treat
206,0,I have to wake up at 4:30 tomorrow so my body's gotten a head start by waking up at 4:30 every day this week ğŸ˜§
207,1,Thanks for the recent follow Happy to connect ğŸ˜Š have a great Thursday. Want this.5
208,1,give it a Like ğŸ˜Š it's all about choice! ğŸ˜„
209,1,Never give up on the things that make you ğŸ˜­ ğŸ˜Š
210,1,But
211,1,Jyoust a reminder... thank you for this ğŸ˜Š
212,1,Yes
213,1,I had but I have just seen the email. SO GOOD ğŸ˜„
214,0,DONT LAUGH ğŸ˜§ MEANIE BASE
215,0,but what camera you shooting with
216,0,Definitely my arms ğŸ˜§ .8
217,0,mane has been amazing ğŸ˜§ .1
218,0,Goodmorning!! My Parents are taking kids for lunch today- they are off school-Report Card! I'm wor
219,1,Gippy Grewal will be online on Twitter at 3 PM
220,0,A year ago today is the last time Sakho played for us ğŸ˜§
221,0,before anyone else we ass hole ğŸ˜§
222,1,hey
223,1,Myth is a good Team
224,1,rt for 13 ffs-it's not much but they're free-legit-free but follow me first to get them quicker-be patient i will g.1
225,0,I feel like the 'only environments disable people' argument actually excludes many disabled people
226,1,Thanks for the recent follow Happy to connect ğŸ˜Š have a great Thursday..22
227,0,pake ğŸ˜§
228,1,you know what i think? you look exceptional for a new Mum
229,1,Are you also attractive to Liza Soberano? ğŸ˜Š
230,1,Spose you don't have to pay for accomodation which is nice haha? Or are you going to stay somewhere anyway? ğŸ˜Š
231,1,thanks for the recent follow. Much appreciated ğŸ˜Š Get it.1
232,1,Unnamed: 223
233,0,last kiss ğŸ˜§
234,1,This is why I made the video about improving your line work on YouTube
235,1,What a ğŸ˜” life it must be
236,0,Typed up all the medical shorthand abbreviation we use for work
237,1,this is the main reason I drink Total selflessness ğŸ˜„
238,1,Hi KN fans! ğŸ˜Š
239,0,unfortunately
240,0,i know.. i really want his ranks to rise a lot during tmr's episode but seeing how many tweet about him.. ğŸ˜§
241,0,w
242,1,Annapurna studios production no.29 on floors tomorrow. In this heat we are going to turn on the heat ğŸ˜Š can't expre
243,0,there are some rumors going around and videos of his performances on youtube have already been deleted..
244,1,for trade ? ğŸ˜Š what yeah want ?
245,1,i wasn't saying i read a book today
246,1,Another great day out in Westhoughton
247,0,Roc Boyz ğŸ˜” .2
248,0,this is damn.... theres people who sincerely want to attend BH birthday party but bcs of those people who try for fun make them ca.10
249,1,and mag refer kana rin sakanila nice game
250,1,you'll be see
251,0,Nick? Might he deliver WHEN the time demands it. Story of his life -
252,1,Thanks for being top engaged community members this week ğŸ˜Š Want this
253,1,I just wanted to say thank you for following me
254,0,it's been so much fun and I absolutely ğŸ˜ the kids!! Don't want it to be over so soon ğŸ˜§
255,1,Happy Birthday in Chopin style - Piano Improvisation
256,1,Ouuuuu..... right in the jewels! ğŸ˜„
257,0,Roc Boyz ğŸ˜” .3
258,1,And the website is down since long ğŸ˜Š
259,1,Pls RT[NCT FIC] Love Song
260,0,this is damn.... theres people who sincerely want to attend BH birthday party but bcs of those people who try for fun make them ca.11
261,0,one direction (band) whats going on ğŸ˜§
262,1,Thanks for the recent follow Happy to connect ğŸ˜Š have a great Thursday. Want this ?.4
263,1,Sup guys? ğŸ˜„
264,1,Share the love: thanks for being top new followers this week happy.2
265,1,a beautiful day ğŸ˜Š
266,1,Thankfully I didn't have to chop it myself
267,0,senior snaps are starting to get so senti aw ğŸ˜§
268,0,but I liked seeing her posts and ğŸ˜ her wri
269,0,[PLEASE RT] he'll buy me a blinking taehyung headband.1
270,0,I know how you feel
271,0,talking to my over driver about where I'm goinghe said he'd ğŸ˜ to go to New York too but since Trump it's probably not.4
272,1,Hey thanks for being top new followers this week! Much appreciated happy.2
273,0,last night I had a dream in which I moved to Japan and just so happened to see you! You denied my friendlies request. ğŸ˜§
274,0,yes jenniessi?
275,0,White genocide is not a thing. Its figment of your imagination. Youre a victim of nothing but disinformation.
276,0,Ouch Elena Eremina's foot slip
277,1,Thanks for sharing my iris photo. I really appreciate it smile.1
278,0,Hi! We tried to call your number but got no response ğŸ˜§ Please share another suitable time and an alternate number.. cont1
279,0,not applicablengarag not applicable this ğŸ˜§ ill find more wonu pictures soon alxmdkcsnx
280,0,Biggest problem for paper books is storage ğŸ˜§
281,1,You nailed it!!!!! Brought tears to my eyes
282,1,AVI for my man ğŸ˜Š Phone made like always ğŸ˜‰
283,1,Hellooo ğŸ˜Š Ross Chaplin (MasonCooper4)
284,0,they're like 90 calories per piece ğŸ˜§
285,0,SO PRECIOUS I REALLY MISS HIM ğŸ˜§ .2
286,0,trashing others and having a possee behind you boosts your ego
287,0,jyoustinbieber can you please follow me on daianeryoufato i've been trying for too long ğŸ˜§ i ğŸ˜ you so much baby! xx (April 20
288,0,can just see the edge creeping in ğŸ˜§
289,1,There're time we shcj do/did something that dissapointed ot6
290,1,positive and loving always ğŸ˜Š
291,0,I feel so awful today ğŸ˜§ I don't want to go to my internship
292,1,Thanks for being top engaged community members this week ğŸ˜Š Want this?
293,1,Thanks for the recent follow Happy to connect ğŸ˜Š have a great Thursday..16
294,0,Ravel Morrison ğŸ˜§
295,1,SONE who cant stream at Genie!You CAN stream for TY at Genie! We are still sharing some Genie IDs. If you want it
296,0,this is jimin to yoongi ğŸ˜§ .5
297,0,I literally couldn't see a thing when they were at the back of the stage
298,1,it just proves me wrong in a matter of days ğŸ˜Š fuck my life ğŸ˜Š ))
299,1,vocal coach IG post:
300,0,no one is selling vhope banners what? ğŸ˜”
301,0,My knee is similar colour to leny Henry's ğŸ˜§
302,1,instant message fine yoo
303,0,4/20 today
304,0,Same ğŸ˜§ I've unfollowed so many people ugh
305,0,koh
306,0,I need cheering up
307,1,Haha thanks fansnim! ğŸ˜Š
308,0,never mind Khushi
309,0,Don't be buffalo ğŸ˜§
310,0,SURE NO PROB. ILABYU TOO
311,1,Stats for the week have arrived. 1 new follower and NO unfollowers ğŸ˜Š via.2
312,1,got on my favorite boot cut jeans and roshe runs. No girl is safe today. Have a blessed 4/20 all ğŸ˜­
313,1,That would be a great trick happy.3
314,1,The tutorial of Michel Grundstein Distinguishing Information from Knowledge.. will start at 15pm. Be here ğŸ˜Š
315,1,thanks for the recent follow. Much appreciated ğŸ˜Š Want this ?.2
316,0,Koalas are dying of thirst and it's all because of us ğŸ˜§ .7
317,1,Hello everyone
318,1,Here's the full art for both Glyph Keeper and his mummy token. For those interested they will be hitting ebay tonig
319,0,I hate throwing up ğŸ˜§
320,1,Goals of 2017: Become apart of with and Lose 50 LBSStart Youtube ğŸ˜Š
321,1,Gamer Follow Train!Follow MeRetweet thisFollow all who retweetedGain active followers ğŸ˜Š 450
322,1,Nothing could be better happy.2
323,1,Feeling myself
324,0,One year ago today ğŸ˜§
325,1,Wow! My friend Dara shared this from her hubby!!! He looks TERRIFIC. ğŸ˜Š Order YOURS here -
326,1,going to go meet andrew for lunch now but i'll be back at to or to :30
327,1,.NOTHING CHANGED BUT THE DATE .. APRIL 28 MAKE S
328,1,Not really I am a Labour supporter and am actually quite glad ğŸ˜Š I mean how much did he claim in 2009 fuck off
329,0,Hi Mahima! We share your concern ğŸ˜§ Please DM us your contact details so that we can get in touch for a detailed.. cont1
330,0,this is damn.... theres people who sincerely want to attend BH birthday party but bcs of those people who try for fun make them ca.5
331,1,Remember- vocab knowledge is worth 75% of your grade! Will announce winner tomorrow morning at 10am! ğŸ˜Š 15 to purchase! ğŸ˜Š
332,0,man. : (
333,1,er
334,1,Thanks for the recent follow Happy to connect ğŸ˜Š have a great Thursday. Get FREE?
335,1,I look good in blue ğŸ˜Š
336,0,Definitely my arms ğŸ˜§ .13
337,0,Koalas are dying of thirst and it's all because of us ğŸ˜§ .10
338,0,I miss talking to yoyoyou who are yoyou younhappy yoyou can always still talk to me
339,1,i always knew you woyould like this one better ğŸ˜„ hahaha.
340,1,Agreed! I feel like I've skipped too many css/design fundamentals. I'm spending the next couple of
341,1,Cpl Swallows just gone over the house. Heard them whilst flying my drone.. ğŸ˜Š
342,1,LADIES! - tell me why yoyoyou don't play golf. What wyoyoyoud make yoyoyou want to play? Top 3 reasons yoyoyou DO play? heyjyoyoyoude66info
343,1,friendly reminder that you can enjoy a movie or television show without having to trash another ğŸ˜Š
344,1,Share the ğŸ˜ - High Value Members of this week ğŸ˜Š (insight by
345,1,Noted on this Sir
346,0,freebet any sport except total mkets on handball
347,0,Youngjae during fansign on 04/10/17 constantly massaging his back. Clearly something wrong but pretended he was not
348,1,Perfect
349,1,we finally got jinyoung to wipe it for jaebum himself but their precious son blocks it for the world to witness it.1
350,0,Whaaattt
351,0,Who hacked me ğŸ˜§
352,0,GOD NOT THE KOALAS
353,1,all! I'm Roy Dahildahil
354,0,we buried it alive and now it's screaming in my head ğŸ˜†
355,0,Going to CA in July
356,0,I want to give him everything that makes him ğŸ˜Š just to see this ğŸ˜­ ğŸ˜§
357,1,Good morning every one.1
358,1,that I said
359,0,this is jimin to yoongi ğŸ˜§ .2
360,0,Its not organicthey'll shoehorn it inbut plot character developmentMCU netflix has lesWhat support
361,1,Maybe I do
362,1,Hellooo.. ğŸ˜Š Kyle Davies (RebelByACause)
363,1,I write fiction. Some PR knob who writes sentence fragments on an iPad next to the Shoreditch House piss off
364,1,rt for 13 ffs-it's not much but they're free-legit-free but follow me first to get them quicker-be patient i will g
365,0,I MISSED YOU A WHOLE LOT ğŸ˜§
366,1,You better check this out
367,1,Who wants some good vibes? Watch this on YouTube or TV100 application now for FREE happy.1
368,1,Thanks for the recent follow Happy to connect ğŸ˜Š have a great Thursday..18
369,1,I check Beautiful News every single day
370,1,Wow
371,1,A little bit overdramatic death ğŸ˜Š
372,1,Just win at weekend and it will be a late gift
373,0,Roc Boyz ğŸ˜”
374,1,the displayport to HDMI turned up so we back on to screens o/ 5 days to get the dual PC stream setup sorted (lol) ğŸ˜„
375,0,Sorry I didn't make it to the book drive yesterday couldn't get outta work ğŸ˜§
376,1,I used to like my neighbours
377,0,so sorry I havent been checking my tweets ğŸ˜§ We are all here for you!
378,0,The one on the left? I couldn't see it ğŸ˜§
379,0,this is damn.... theres people who sincerely want to attend BH birthday party but bcs of those people who try for fun make them ca.7
380,0,this is damn.... theres people who sincerely want to attend BH birthday party but bcs of those people who try for fun make them ca.12
381,1,Can you guys make the Japanese Greninja's and Waveguider come as well? ğŸ˜Š
382,1,pips singing let it snow ğŸ˜† with joy
383,0,this is damn.... theres people who sincerely want to attend BH birthday party but bcs of those people who try for fun make them ca.15
384,0,sadly I'm not ğŸ˜§
385,1,Happy birthday have a good day ğŸ˜Š
386,1,AVI for my man ğŸ˜Š Phone made like always ;).1
387,1,clauditte
388,0,Autograph book at the ready
389,1,you can get a professional one here
390,1,Rose come to him! He's really your enthusiast :-D using SO MUCH not SO MAY! :-) ~~~
391,1,Thanks for the recent follow Happy to connect ğŸ˜Š have a great Thursday..17
392,1,find out more and sign up at
393,1,Here's one of my rolls of 'Poundland' film! (A store that sells all products at 140.) And here's the DX d
394,1,Awesome! makes a good nurse maid
395,1,Unnamed: 527
396,1,Exaseetly what's happening in TN Politisees. This is not to get BJP at all to TN. Game is different. Again
397,0,Koalas are dying of thirst and it's all because of us ğŸ˜§ .9
398,1,kind of like my layout ğŸ˜Š
399,1,Thanks for the retweets this week. Much appreciated ğŸ˜Š Want this? It's FREE!
400,0,U4v9rr I wish I had noted the gentleman's name ğŸ˜§ but if you find out who he is
401,1,This never happened with our happy.1
402,0,ğŸ˜§ ğŸ˜’ ğŸ˜§ feeling sick
403,0,My mom knows the struggle of this drystreak I'm on ğŸ˜§
404,1,i think instant message meant to stay single and fix people's relationships my entire life ğŸ˜­
405,0,Who got to pen today man ğŸ˜†
406,1,Pfft- ğŸ˜† with joy Oh.. I hope year oldu're okay
407,0,ğŸ˜” I don't
408,0,Goodnight princess
409,0,I won't be on till later! ğŸ˜§
410,0,Hi Aled
411,1,I know vearey moving. and TWISTY! And you aaree are
412,0,Same. ğŸ˜§ I got a 12h stream coming up for my Bday in 8 hours. And I'm still not sleeping.
413,1,THANK YOU ğŸ˜Š
414,1,please let me meet taehyung hiks ğŸ˜† with joy really hope i could win.This is my first cover
415,1,A Chub bun because its Easter! Happy Easter! His name is Almond! :D.1
416,0,Is that store still in use? If so
417,0,i miss them already ğŸ˜§
418,0,it's Adore you
419,1,I think I'm going to check out Even though I hear it's not as good as UE4 I believe it might be cool to tr
420,1,Thank you happy.1
421,0,For those asking
422,1,Thanks for being top engaged community members this week ğŸ˜Š Want this.1
423,1,How people write a joke on religion online.*Joke**Just joking guys
424,0,Okey ğŸ˜§
425,0,Pierces like a bitch ğŸ˜§
426,1,big ğŸ˜ for Anne cox ğŸ˜Š
427,1,If this gets 70rts I will giveaway 5 minecraft accounts and an origin account randomly to people who retw
428,1,your birthday isn't for another for hours for me
429,1,congrats! ğŸ˜„
430,0,red velvet too ğŸ˜§
431,0,Ailes sure knew how to make a great network! Fox is going downhill wi
432,1,online shopping timmeee. anyone got good site suggestions? ğŸ˜Š
433,0,Aww ğŸ˜§ I'm on Coeurl
434,1,A nice morning working from today. Lovely atmosphere
435,1,comforting London fog.
436,0,mane has been amazing ğŸ˜§
437,1,Veronice and Jughead! happy.1
438,1,Nice
439,1,What texts are you doing? ğŸ˜Š I've got the same issue!
440,0,the anniversary of josh's death ğŸ˜§
441,0,All my irls are coming at me because I meet the boys too much and I don't deserve any of it ğŸ˜§
442,0,i was going to add bazza
443,0,yeah i am ğŸ˜§ thank you so much my angel
444,1,Yep I'm going back to school to become an editor hopefully. Can't wait! Your sister really believes in my skills ğŸ˜Š
445,0,flavorful dream
446,1,it would be awesome.
447,0,Okay lang friend promise meant to be broken =( HAHAHAHA
448,1,Hey thanks for being top new followers this week! Much appreciated happy.3
449,1,SAP did you also use
450,0,Feeling so shit today ğŸ˜§
451,0,did some warm up sketches of some of my faves
452,0,oh noooo baby ğŸ˜§
453,0,Oh no ğŸ˜§
454,1,Join us this Saturday to celebrate our Earth by planting seedings! Head to our FB page for more information. ğŸ˜Š
455,0,Pozuelo (formerly of Swans) and Suso (Liverpool now AC)
456,1,Stats for the day have arrived. 1 new follower and NO unfollowers ğŸ˜Š via.3
457,1,wifi
458,0,buy or do anything that supports Canada until
459,1,Thanks for the recent follow Happy to connect ğŸ˜Š have a great Thursday. Want it.2
460,0,Oh no ğŸ˜§ what are you like?! Is it still in shops?
461,0,WTF Canada 2017 and you are still in the 1700s. I Will Never support
462,0,YG should have sent them to MCD. I want to see them holding the trophy ğŸ˜§ anyways .7
463,0,I miss Jamie boy and we're both sick ğŸ˜§
464,0,Definitely my arms ğŸ˜§ .15
465,0,there's always shit like this. there's always people who are less deserving getting tickets
466,1,3 little ones.. wish you the best ğŸ˜Š sounds like a fun group
467,1,Thank you crew happy.1
468,1,maybe I don't
469,1,We've 80 so far in our collection of 150+! ğŸ˜Š New gin menu coming soon as well!
470,1,Order what ever you want to eat through our website.May you all have a great day happy.2
471,1,I'm on a road with no destination . I'm just driving with a hope to find some place I like and stay there
472,1,thanks
473,0,i hope this little beaand is andot overworkiandg himself and gettiandg at least some rest ğŸ˜§ .2
474,1,Hellooo.. ğŸ˜Š pussy (creepz_x)
475,0,U GUYS ARE NOT NOTICING ME ğŸ˜§
476,0,I think that's one of the hottest part of your body
477,1,Good morning every one.3
478,1,hi cham
479,0,This is by far my worst day of 2017 since January 8th ğŸ˜§ ğŸ˜† ğŸ˜† .
480,0,If you really want to dye it don't go lighter
481,0,I seriously thought that Coldplay was going to be band like Depeche Mode or U2
482,0,at least it's not 80 cad like here ğŸ˜§ (90 cad with Quebec taxes)
483,0,this song will always be one of my faves ğŸ˜§
484,0,wowwow these are all so cute ğŸ˜§ i wantt .1
485,0,Hi! We tried to call your number but got no response ğŸ˜§ Please share another suitable time and an alternate number for.. cont1
486,0,I'm a building a LLVM backend so
487,0,give me my own AHN MINHYUK juseyoooo ğŸ˜§
488,1,especially for people who have low patience level ğŸ˜Š
489,1,#NAME?
490,1,Hey thanks for being top new followers this week! Much appreciated happy.1
491,0,All of the park areas in Paris are marked as green on Google maps
492,1,Nothing could be better happy.3
493,1,That would be a great trick happy.5
494,0,So
495,0,sorry guys ğŸ˜§
496,0,NOOOO in here is 6.45 ;_; I have classes at that time ğŸ˜§
497,0,Guess who's not getting a unicorn frappuccino because they're sold out ğŸ˜§
498,0,Yeah
499,0,Rl? Serius?
500,1,Aww hating that I got sponsored
501,1,ABC News got ahold of me and asked if they could use a few seconds of my coming out video for a transgender special this f
502,1,your an inspiration to everyone Miss Jones ğŸ˜Š
503,1,This was awesome-- has two fill-ins this week ğŸ˜Š
504,0,So I may be one of those workers who are not properly compensated ğŸ˜§
505,0,he'll kil
506,0,WUUT SERIOUSLY?
507,1,well..human. That's all i
508,0,to beautiful ladies and so full of fun and body confidence. .. then on the s
509,1,she might have dressed a bit better.
510,1,will there be a new amazingphil video today? ğŸ˜Š
511,0,talking about tattoos just makes me want my bb8 tattoo more and more but i'm so broke it makes me ğŸ˜§
512,0,Does anyone have a 7 adapter or 7 earbuds i can borrow for the day? Left mine in my car ğŸ˜§
513,0,my heart ğŸ˜§
514,0,My heart hurts. ğŸ˜” I hate people
515,1,a friend who would like a BRAND NEW Strapback hats only 14.99 at
516,0,Not surprised that I have the least amount of followers out of the whole cast ğŸ˜” LOL
517,0,my puppies deserves all better ğŸ˜§
518,0,#NAME?.2
519,0,This picture makes me ğŸ˜” ğŸ˜§
520,1,I'm a Japanese Directioner ğŸ˜„
521,1,coming soon to a screen near you.
522,1,friendly service
523,1,Hello I hope you visit Luxor its amazing city in Egypt pleas check
524,1,we will be never ready actually ğŸ˜Š idhuellam dialogue ku dhan othu varum..
525,1,Kiera's Quest: Awakenings (Kiera's Quest Book 1)
526,1,But I think you'll do better than me ğŸ˜Š
527,1,Thank you crew happy.4
528,1,Client work for rt and favorite happy.2
529,0,Me too...I won't miss the HGVs going past our house though. It was a nice looking building - had initiall
530,1,Oh
531,1,Congratulations very impressive ğŸ˜Š
532,0,Think it would drive me mad once the synths and other robots turned up. ğŸ˜§
533,0,i want harry's phonecase ğŸ˜”
534,1,uss
535,1,Congrats on your ğŸ˜„
536,1,Ooh
537,0,No Celtics or Bruins today ğŸ˜§ At least Sale is pitching for the Sox
538,1,Another great song Have a listen. Its good! You may well like it happy.1
539,1,Will you do before and after pictures? I always enjoy your swanky hair ğŸ˜Š
540,1,Nothing is ever as it seems. What looks bad today
541,1,Do you want me to follow you back? If you do this tweet and I will. ğŸ˜Š only
542,1,Issa Throwback. ğŸ˜Š
543,1,have a great Thursday! Looking forward to reading your tweets ğŸ˜Š Want this
544,1,Thanks ğŸ˜­ much better today and thanks for the message.
545,1,Cheers ğŸ˜„
546,1,Hi Guys
547,1,Thanks for sharing my iris photo. I really appreciate it ğŸ˜­
548,0,Che no critiques. ğŸ˜§
549,1,Delma Hanville It's official we are connected on Twitter! Thank you for the follow. Please don't ever Let It Go! ğŸ˜Š
550,1,On moral grounds this verdict is in favor of PTI ğŸ˜Š becoz to out of 5 judges clearly mention that our PM is...
551,0,this is jimin to yoongi ğŸ˜§ .7
552,0,22 is old ğŸ˜§
553,1,Uncheck new arrivals ğŸ˜Š
554,1,if you follow and DM us we will be able to assist you. Chris ğŸ˜Š
555,1,If you want a friend in Washington
556,1,Hi
557,1,new video out today ğŸ˜Š
558,1,Thanks for connecting We are passionate about - hope you like our tweets happy.1
559,0,ahhh I'd be well chuffed
560,0,Nooo your hair color is pretty .1
561,0,Yesterday's faci so cute! But he 30+ ğŸ˜§ Today's faci is old eeyer
562,1,Thanks for the recent follow Happy to connect ğŸ˜Š have a great Thursday..21
563,0,Damn you both
564,0,Being a parent is very challenging. If we cannot control ourselves we'll give the worst output to the children In other word
565,1,Well
566,1,Did you go all the way to Keem? Have you been up Minaun? That's a good one if you are into extreme driving today ğŸ˜­
567,0,I understand that look ğŸ˜”
568,0,how come i didn't get a reminder email this month ğŸ˜§
569,0,my puppies deserves all better ğŸ˜§ .1
570,1,19 days of school left ğŸ˜Š
571,1,13 Reasons Why producers: we care about youth mental health ğŸ˜Š 13RW producers: *show young audience graphic rape and suicide s
572,1,enjoy ğŸ˜­ h.e.r.
573,0,aww eunji didnt see win today ğŸ˜” but congratulations to winner !!!!
574,0,jungkook looks like he gives the biggest and warmest hugs ğŸ˜§ .1
575,0,Cleantha
576,1,Order what ever you want to eat through our website.May you all have a great day happy.3
577,0,I'm so tired ğŸ˜§
578,1,i was telling you to read a book today. knowledge is power. knowledge is growth. kee.1
579,1,I second that! Thanks for the spin. Very much appreciated. ğŸ˜Š
580,0,for some reason last.fm unlinks from spotify and i miss like a month of scrobbles before i notice ğŸ˜§
581,1,Hey thanks for being top High Value Members of last week
582,0,Oh boo
583,0,talking to my over driver about where I'm goinghe said he'd ğŸ˜ to go to New York too but since Trump it's probably not.6
584,1,.Is the winner of the donation giveaway
585,1,There was nothing religious in it. is calling out sexism. I don't think I need to spell out my stand
586,1,You may draw your conclusions from any deviation from that level either in the direction of therapy or prevention
587,0,fuck get me followers ğŸ˜§ my ratio is amazing
588,0,Hitches Ride For Final ğŸ˜§
589,1,Nothing could be better happy.1
590,1,thanks for the recent follow.2
591,0,Zabardast
592,0,Miss the rain ğŸ˜§
593,1,Share the love: thanks for being top new followers this week happy.3
594,0,Don't ask. Two special issues lined up. ğŸ˜§
595,1,good morning
596,0,ğŸ˜§ oh man..
597,1,Right I seriously need a decent Butterfly Tattoo design
598,1,Stats for the day have arrived. 1 new follower and NO unfollowers ğŸ˜Š via.2
599,1,have you tried these new hacks?! **TRYING DUMB LIFE HACKS 17**
600,1,i ğŸ˜ him ğŸ˜† with joy
601,0,just now I saw. But you did not reply ğŸ˜§
602,1,2nd Cousin Vlad !!!!! maybe thats a message from the Hockey G
603,1,please! :D| KenBie
604,0,basketball etc theyre all restrict.Threw
605,0,watchman comes and threatens me
606,1,Still live!
607,0,this wasnt meant to sound ano ğŸ˜”
608,1,Make them feel that you are there to listen to their problems
609,0,why can't dogs just live forever ğŸ˜§
610,0,Half of the time it doesn't load
611,0,Guess who's not getting a unicorn frappuccino because they're sold out ğŸ˜§ .1
612,1,Go back to school for music! I think I will in time happy.1
613,1,Hey
614,0,Preacher...... ğŸ˜§
615,1,That would be a great trick happy.4
616,0,I miss him ğŸ˜§
617,0,now I need a different pinned tweet ğŸ˜§
618,1,i send people bunny pics
619,0,Thats grim ğŸ˜§
620,1,New twitter account piss off no idea MAJA SALVADOR is Follow not applicable guys ğŸ˜Š
621,0,He's not beating the two favourites here anyway so I'll stop caring about this match
622,1,Thanks for the recent follow Happy to connect ğŸ˜Š have a great Thursday. Want this ?.1
623,1,for my 2000th tweet i'd like to say i ğŸ˜ donghyuck ğŸ˜„
624,0,and he's still taking over a quarter of the billboard charts while x is
625,0,I ordered car yesterday
626,0,Definitely my arms ğŸ˜§ .16
627,0,Definitely my arms ğŸ˜§ .5
628,1,Thanks for your feedback! It' just the starting phase
629,1,and I suspect you will be one of the few who would get it ğŸ˜Š
630,1,Good evening happy.1
631,0,resolve is sooo slow on my laptop
632,0,Guys please help I tried to smoke some lettuce earlier but now my salad is ruined ğŸ˜§
633,0,sometimes at night i feel scared and vulnerable ğŸ˜†
634,1,SONE who cant stream at Genie!You CAN stream for TY at Genie! We are still sharing some Genie IDs. If you want it.3
635,1,popping into a store
636,1,Here is the link for Seventeen's Yokohama Concert with English subs ğŸ˜Š DDL:
637,1,Beetle done and joins Wall-E
638,1,Morning
639,0,Miss my friends ğŸ˜§
640,0,Am away next Thursday ğŸ˜§ the one after!
641,0,Yeah! My sight reading was pretty good in high school
642,1,we finally got jinyoung to wipe it for jaebum himself but their precious son blocks it for the world to witness it
643,1,thanks a lot
644,0,Omg I see why you don't drink alcohol Haha so glad your having fun all you guys ! Wish I
645,1,thanks for the recent follow.3
646,1,So Happy It's Thursday*
647,0,this is jimin to yoongi ğŸ˜§ .3
648,1,but Genix deserves so much more than Myth! Open your Eyes The Community want
649,1,My real time ğŸ˜Š
650,1,He didn't play for a year
651,1,Hello 1372 followers - thank you so much for following! Will ğŸ˜ to read your Tweets ğŸ˜Š Want this ?
652,1,I had that down south and had no issues
653,1,Watch this MayWard Fam!
654,1,One of our fleet is solely seeharged by domestisee hydro Toro see
655,0,i don't think i'll be ever to edit long videos here ğŸ˜§ i'll go try another editing software
656,1,The video will definitely be a 30 minute episode if not longer.
657,0,i think that's going to be true
658,1,thanks for the recent follow
659,1,DM us ğŸ˜Š S.3
660,1,lolo bin are you fucking mental screenshot ğŸ˜„ HAHA
661,0,Ah Baba no idea tori olorun. May I never be a victim of such case
662,0,my puppies deserves all better ğŸ˜§ .2
663,1,thanks for the recent follow.1
664,1,GIVING AWAY ALL THESE SOUVENIRS TO 5 LUCKY WINNERS!To Enter: Follow + RTRolling winners in 48 hold on
665,0,i left my headphones at home ğŸ˜§ kms
666,1,fun and funny.... this book will warn up your kindle at night ğŸ˜Š
667,1,Thanks for up-voting us on PH happy.1
668,0,damn ify ate ğŸ˜§
669,0,That makes me sad. ğŸ˜§ I wasn't friends with her like you
670,0,BES RIP
671,0,Russell my phone is just 10% is there a possibility or a chance that you would notice me? ğŸ˜§
672,0,We'd ğŸ˜ to
673,1,Order what ever you want to eat through our website.May you all have a great day happy.1
674,1,thanks for the recent follow. Much appreciated ğŸ˜Š Want this.2
675,1,Share the love: thanks for being top new followers this week happy.1
676,1,Great night! Hope you enjoyed the strip club after ğŸ˜Š Thx for photo
677,1,music and direction by of my favourites by.1
678,0,i ğŸ˜ you but I can%27t be arsed i don%27t know why people keep saying it ğŸ˜§
679,1,Sydney tomorrow
680,0,when will you go here in batangas? ğŸ˜”
681,0,ill be at work just a second come on ğŸ˜§
682,1,Just wandering around
683,0,sorry ğŸ˜§ i just need sex for the time being
684,0,As Nani in lies unconscious
685,1,Thanks for the follow! ğŸ˜Š
686,1,This is great to hear Joanna! ğŸ˜Š We're so pleased you've had a good experience.
687,0,Bapak Tom Cruise.
688,0,suuuuuuuuss scared ğŸ˜†
689,0,But I'm lonely. ğŸ˜§
690,0,TW: S AssaultActually horrified how many friends of mine women I talk to have been sexually assaulted in past. Just found out another ğŸ˜§
691,0,most painful thing ever is having feelings for someone you can't be with .. ğŸ˜§
692,1,We got a Vive tracker in the office and our intern
693,1,If school has taught us anything
694,0,can't wait to see you in that film Karl! I wished you would be here were I'm bu
695,1,keep being you
696,0,You deserve better . Hope you'll be okay ğŸ˜§
697,1,Okay
698,0,I miss you more ğŸ˜§
699,0,I WAITED FOR U ğŸ˜§
700,0,and all the mobbing in Australia
701,0,it froze a few times. Then went to 16.10
702,0,this is damn.... theres people who sincerely want to attend BH birthday party but bcs of those people who try for fun make them ca.6
703,0,Dammit the effect of the linearts doesn't show so nicely on twitter ğŸ˜§
704,0,Note to self: Dont get to attached ğŸ˜†
705,1,Thanks for the recent follow Happy to connect ğŸ˜Š have a great Thursday. Want this ?.3
706,0,i miss jihoon ğŸ˜” .1
707,1,Beautiful album from the greatest unsung guitar genius of our time - and I've met the great backstage
708,1,Tara
709,1,Hellooo ğŸ˜Š Jackatkinson (jackat13)
710,1,Congrats for 3M followers on Instagram! ğŸ˜Š
711,0,PLAYMFS: need moodbooster juseyo ğŸ˜§ jily_jelly
712,1,much appreciated ğŸ˜Š Want this
713,1,will miss it but I'm on an open education seminar in Palestine ğŸ˜Š
714,1,class hall missions and heroic dungeons surprised ğŸ˜„
715,0,Don kray denial of normal bi say
716,0,you don't post much lately? school ğŸ˜§
717,1,Seokjinie went to Everland today~ I guess he forgot that he's an idol.1
718,0,you got to rest
719,0,aando uandhappy i googled it the other day to read the meandu agaiand and it said it was a hoax
720,0,Hey Tony
721,0,First round exit in 15 minutes followed by 45 of tech ğŸ˜† ğŸ˜§
722,0,One of my faves too ğŸ˜§ I'm tying to get it up on Vimeo so you guys can still watch it x
723,0,can I only pick one ğŸ˜§
724,0,ğŸ˜§ sure
725,0,Time just flies
726,1,Another day! Good morning!! It's April 20
727,0,SO PRECIOUS I REALLY MISS HIM ğŸ˜§
728,0,Trying to get in touch with but their numbers appear to be down! ğŸ˜§
729,1,Top retweeters this week
730,0,the email I was hoping I'd get today
731,1,Good morning every one
732,1,New Upcoming Heroes REVEALED! WUKONG
733,0,:^) hello
734,1,The Bank Job
735,1,The one with backward cap
736,0,in fact.
737,0,come back callie gabbie d ghost ğŸ˜§ i ğŸ˜ you both
738,0,Damn it isn't available here ğŸ˜§
739,0,Why? You don't like blonde hair? ğŸ˜§
740,1,TypingCure
741,1,SONE who cant stream at Genie!You CAN stream for TY at Genie! We are still sharing some Genie IDs. If you want it.1
742,0,I can't do it all on my own. (See what I did there? )
743,0,I'm staying here in SA ğŸ˜§
744,0,ğŸ˜§ But if there'll be 1 Silver-that'd be him!
745,0,oh
746,0,this is damn.... theres people who sincerely want to attend BH birthday party but bcs of those people who try for fun make them ca.13
747,0,only take season 9 off
748,0,Call Duration: Before sex: 01:47:36 After sex: 00:00:19 ğŸ˜†
749,1,Again as I said I do see your concerns. But I assure you sir that Hinduism will stay Dharma and will no
750,0,Aseek
751,1,music and direction by of my favourites by
752,1,I'm sorry but people have to make a living ğŸ˜Š
753,0,In so much pain. My eye hurts ğŸ˜§
754,1,An inspiration in all aspects: Fashion
755,0,it kind of feels like a sunburight now right now ğŸ˜” someone please make the nobby things on glasses not slip
756,0,oh my god what the heck i'm so sorry! this was one of my favorites as well ğŸ˜§
757,1,have a great
758,0,all ready for its poster - when my computer gets
759,0,oh shiiiiid noooooor ğŸ˜§
760,1,i don%27t know he looks so cool ğŸ˜† with joy
761,0,Koalas are dying of thirst and it's all because of us ğŸ˜§ .11
762,1,20% off all Knight Day Jewellery ends this Sunday-Why not pick up something nice for
763,0,Golly gosh. This is simply dreadful What havoc must be wreaking subsurface? Black salve won't
764,0,This is so me though
765,1,You say VUCA
766,0,do you even care at all ğŸ˜§
767,1,Ok. Just please read the replies on this....
768,1,Naila Raheem is now following me on Twitter!
769,0,it's just got 3 years longer ğŸ˜§
770,0,sounds family
771,0,Why am I better at pen then pencil?dafaqcomonI just want to be a good drawer ğŸ˜§
772,0,When your online crush comes to the meet-up without their Snapchat filter ğŸ˜§ .3
773,0,we can get pork katsudon at Tokyo Diner! Tho it doesn't have egg in it ğŸ˜§
774,0,Too bad i can't watch it ğŸ˜§ that cake is cute and looks delicious
775,1,rather
776,0,It was not your fault
777,1,Good evening ğŸ˜Š
778,0,#NAME?.1
779,1,Great to work with you too such a lovely place! Thank you for havin
780,0,pake 3 ğŸ˜§
781,1,IF THE BELOW TWEET HITS 1000 IS GETTING RIAN HOLDING THE STICKER TOO!!! Click the below tweet SM
782,1,That would be a great trick happy.2
783,1,me everything and anything these days
784,1,i took a full drink into my uber; i guess you could say instant message pretty wild. These are the Tuesdays we'll never forget ğŸ˜Š
785,0,CAN SOMEONE PLS GIFT ME XAYAH USING PI PLSSSS? ğŸ˜§
786,0,i'll try ğŸ˜” and yes i am ğŸ˜§
787,1,Byron in 3 weeks
788,1,That would be a great trick happy.1
789,0,I've Just Wrote 30 Tweets About But Still Didn't Notice Me ğŸ˜†
790,0,both look so so good at there current clubs. Shame they never cut it in the PL ğŸ˜§
791,1,this looks awesome! Id ğŸ˜ to see a VN like this ğŸ˜„
792,1,just me killin time to say hey! ğŸ˜„
793,0,what if the one direction (band) itself is the one who's giving up? ğŸ˜§ .1
794,0,Oh well never liked Clay anyway ğŸ˜§
795,0,wow this is amazing but i won't be in the country ğŸ˜§
796,0,Sooooo feels like a Friday today ğŸ˜§
797,0,but no sign.
798,0,no its okay she survived :
799,1,instead of just money
800,0,I'm very jealous of you all ğŸ˜§ Please go see 18:40 - Green Room on Sat!
801,1,I can't wait to actually see a copy ğŸ˜­
802,1,Your titties are fantastic. Kissy Kissy
803,0,WHY ARE YOU WHIMPER AT ME?
804,0,I miss my baby ğŸ˜§ .1
805,0,I need lessons to learn how to start conversations with people and keep chatting with them ğŸ˜§
806,1,Thanks for the recent follow Happy to connect ğŸ˜Š have a great Thursday..12
807,0,mannn
808,1,IF YOU ARE READING THIS I HOPE SOMETHING GREAT HAPPENS ğŸ˜­
809,1,opera Nirjhor As long as they are not claiming to be the first one ğŸ˜„ /Rosi
810,0,I'll check that out... I was excited about the backup singers but they were way too backup ğŸ˜§
811,1,I just did happy.1
812,1,keep smiling happy.1
813,0,this is damn.... theres people who sincerely want to attend BH birthday party but bcs of those people who try for fun make them ca.9
814,0,seem I want to drop this account to wuhyungwon ğŸ˜§
815,1,Thanks by has notice of me Greetings : JossetteD'Hermanni
816,1,Hi Han
817,1,only way to make sense of those crazy edge cases is the idea of sharing revenue was offensive
818,0,A fish killer going to be pressed younhappy I the hoe of today you were a GOOD person .1
819,0,my views have gone done by about 100 monthly ğŸ˜§
820,0,It's hard to imagine anyone but Robin ğŸ˜§ but still exciting nonetheless
821,0,I woke up at 4:17
822,0,My salary reminds me of the weekends
823,1,I hate people who steal my ideas
824,1,In class and I'm really bored so why not ğŸ˜Š Rt for one!! Mutuals non mutuals Pls don't let me flop ;-;
825,0,i ğŸ˜ when people or message me w long messages about how beautiful they find joon like ğŸ˜§ yes i agree keep going
826,0,baby ğŸ˜§ (bett
827,1,Currently standing outside the shard with a bag full of empty bottles because I came to work with tom today ğŸ˜Š
828,1,Our crazy EASTER! Our donkey is insane! Seriously crazy haha!
829,1,Keep
830,1,Hellooo.. ğŸ˜Š satans-daughter (taylynnox)
831,0,That is super scary ğŸ˜§
832,0,oh my god same! we should attend on some lessons together sometime just kidding HAHAH
833,1,Love you too P!
834,0,and have fun
835,0,we left it all unspoken
836,0,what if the one direction (band) itself is the one who's giving up? ğŸ˜§
837,0,right i don%27t see how people can just do shit like this
838,1,Come volunteer at The Abbeydale Picture House! Next Wednesday...
839,0,i really feel for that lamp ğŸ˜§
840,0,Crap. Hailie won't be there. She has a school game and won't make it to Middleburg in time ğŸ˜§
841,0,mayes ğŸ˜§ .g
842,1,fitness
843,1,check her AS:
844,1,my friend is such an egg
845,0,I do it for 5/6 times a week leh ğŸ˜” and yes closing is damn fuck opening so much better
846,1,Select from 14 award-winning Laura Taylor romance ebooks
847,0,this is damn.... theres people who sincerely want to attend BH birthday party but bcs of those people who try for fun make them ca.2
848,0,its ending soon aah ğŸ˜§
849,0,Someone messed up ğŸ˜§ Available**
850,0,And you're right about McConnell as well. Unfortunately
851,1,With the help of made these sent starters for P1Q3. Open to suggestions on how to improve ğŸ˜Š
852,1,celebrate Hitler's birthday! ğŸ˜€
853,1,Hey.1
854,0,Q2 I'm not an MH healthcare professional. As much as I want to help I'm scared to death I might make the situation
855,0,the new one just seems a bit unstable ğŸ˜§
856,0,Unnamed: 938
857,1,Your body hears everything your mind says. Be kind
858,1,Let me eat that cake! ğŸ˜„ ğŸ˜›
859,0,SO PRECIOUS I REALLY MISS HIM ğŸ˜§ .1
860,1,this isn't
861,0,I can't do it all on my own. (See what I did there? ) .1
862,0,Definitely my arms ğŸ˜§ .4
863,1,Rt for an indirect from and me ğŸ˜Š
864,0,I feel so bad
865,1,or SHIT for short ğŸ˜Š *Thanks to my friend maddy over at
866,0,Definitely my arms ğŸ˜§ .6
867,0,i havent been this early to school since last semester ğŸ˜§
868,0,3. That's a lot cheaper and easier than make your own. My schematic needs special cables that doesn't come easy. ğŸ˜§
869,0,soph please don%27t win again ğŸ˜§ jk.. good luck i think you will draw a good poster
870,0,Claaaaaaaaaaaaasse !
871,0,Koalas are dying of thirst and it's all because of us ğŸ˜§ .12
872,1,I'd say ğŸ˜„
873,1,Awesome recommendation Jess! Listened to the
874,0,I know I'm not ready to say goodbye ğŸ˜§ So
875,0,Late nights
876,1,Congratulations
877,0,I wish I was meeting OA again ğŸ˜§
878,0,You can have mine and I'll take the iPhone. I'm switching back when my contract is up... in a year and a half ğŸ˜§
879,1,and totally of
880,0,Who's that chair you're sitting in? Is this how I find out. Everyone knows now. You've shamed me in pu
881,1,Hellooo.. ğŸ˜Š Lil strait (Daddyy_rat)
882,0,I'm just really soft spoken ğŸ˜§
883,1,We don%27t spam him in any way
884,0,As if this process hasn't been frustrating enough
885,1,PLEASE THIS BEAUTIFUL PRINCESS HAVE YOUR HELP
886,1,Love this!
887,0,it's such a negative pit of unhappiness
888,1,Mummy
889,1,yes it would have if it hadn't been for those meddling clouds ğŸ˜­
890,1,Ruby was rehomed for times before she was for months old now loves her forever home. Pls always consider rescue when
891,0,Baaaper ğŸ˜§
892,0,I suddenly miss you ate ğŸ˜§
893,0,wants to say HI to you.
894,1,It's a very cute picture though ğŸ˜„
895,1,rt if you hate me ğŸ˜† with joy
896,1,Merry Christmas everyone ğŸ˜Š
897,1,you also support each other! AN
898,1,good luck! You have my vote ğŸ˜­
899,1,Die evil raven! ğŸ˜„
900,0,but why? ğŸ˜§
901,0,assumes Im outsider because of my
902,0,Ps4 mate
903,0,you might set the whole place on fire.
904,0,I'm aborting mission now have a nice day though x
905,1,New twitter acc. ğŸ˜Š
906,1,Ohh yeah and we had sausage with our pancakes ğŸ˜Š x
907,1,Someone asked me Hows life? I just smiled and replied
908,1,Exaseetly what's happening in TN Politisees. This is not to get BJP at all to TN. Game is different. Again.1
909,0,good morning i had a nightmare and i'm still wondering why maddie hates me. this is only the beginning of the day ğŸ˜§
910,1,First ğŸ˜Š
911,1,this worked out beautifully. If you redesign the import page to suit the whole application would mak
912,1,Sure do! ğŸ˜Š
913,0,Swear I just walked past haha
914,1,Indeed
915,0,Someone should bring me breakfast to work ğŸ˜§
916,1,beautiful set
917,1,Teaser coming out today at 4pm!Story.1
918,1,HAPPY BIRTHDAY To the cyoutest/fyounniest a d you l t I know :')Have a good day Coreo Boreo
919,1,Same ğŸ˜Š I'll see closer to the con but it's no more than five or so. Lol same ğŸ˜„
920,1,Thanks for the recent follow Happy to connect ğŸ˜Š have a great Thursday..15
921,1,Seokjinie went to Everland today~ I guess he forgot that he's an idol
922,0,Still NO sign - it's a very small area ( Gardens ) and it would be very obvious ğŸ˜” quite a few eyes now
923,0,Definitely my arms ğŸ˜§ .11
924,0,Would really like it if the coandsole versioands and got the update to makr it like the Steam versioand. =(
925,1,Share the love:thanks for being top new followers this week ğŸ˜Š Want this
926,1,and still not being rich - try getting a life
927,1,Good morning every one.2
928,1,tonight 7pm.1
929,0,wish i had someone to cuddle me right now ğŸ˜§
930,1,Thanks for the recent follow Happy to connect ğŸ˜Š have a great Thursday. Want this ?.2
931,0,Gorbachev done w/o fear. Thought bold enough to implement his vision on Damp Squib ğŸ˜§
932,0,he could be whatever
933,0,this is damn.... theres people who sincerely want to attend BH birthday party but bcs of those people who try for fun make them ca.4
934,0,Hi Julie
935,0,77 ? Old Leyland
936,1,Thank you crew happy.2
937,0,Definitely my arms ğŸ˜§ .14
938,0,sob. ğŸ˜§
939,1,Unnamed: 582
940,1,Teaser coming out today at 4pm!Story
941,0,Faltan Russel why Noodle ğŸ˜§
942,0,Ah alright
943,0,I liked a video
944,1,Good luck to Rich riding for great project in this Sunday. Can you donate?.1
945,1,C'mon Tweeps
946,0,this is damn.... theres people who sincerely want to attend BH birthday party but bcs of those people who try for fun make them ca.1
947,1,went to work.Don't get too excited
948,0,My husband has a family history with the mafia too but he doesn't know the stories ğŸ˜”
949,1,Did you notice? There is no killings of RSS / BJP workers in another Southern State? CM is dismantling Xtian infra in Munnar?
950,1,Hey everyone me and Harry have just had pancakes and maple syrup for breakfast . Great way to start the day ğŸ˜Š Miss you a
951,0,help me too ğŸ˜§ as an early birthday gift huhu
952,1,I guess it's a good thing then to bring it right to the foreground and put it right in their face
953,0,Sorry for being tired on stream. Will get some sleep and try be more fun tomorrow. Just wasn't feeling it tonight guys. Not
954,1,there're time shinhwa do/did something
955,1,Nothing could be better happy.4
956,0,Koalas are dying of thirst and it's all because of us ğŸ˜§ .8
957,0,this is damn.... theres people who sincerely want to attend BH birthday party but bcs of those people who try for fun make them ca
958,1,Nah over-rated ğŸ˜Š x
959,1,Just delivered my Managing the Online Customer Journey keynote at the Autodesk Partner Event. Incredible event
960,1,It really is uplifting and inspiring
961,0,how about me bes jup ğŸ˜§
962,1,If you're a CHAMPION
963,1,thanks for the recent follow.4
964,0,2017 at 08:45AM)
965,1,That's why I say at the end of my videos If you liked it
966,1,looking forward to you visiting! You've picked a great day too
967,1,you'll be see.1
968,0,Dear attendees
969,1,Hello everyone.1
970,0,Louis_Tomlinson follow me please? ğŸ˜§
971,0,I'm trying to stay positive but I can't help be jealous of princess Mia's life. All she does is cuddle and eat ğŸ˜§
972,1,The best community gathering coming up! We're full
973,0,Used up a month's worth at Laugharne Weekend ğŸ˜” (no wi-fi in small Carmarthenshire towns
974,0,please answer request. ğŸ˜§
975,0,lexxxxxy ğŸ˜§ youre too nice to me instant message really not eek
976,0,Hope he's ok
977,0,The manifesto
978,1,pretty ğŸ˜Š
979,1,Good luck to Rich riding for great project in this Sunday. Can you donate?
980,1,FAT ASS GIRL FAT FETISH760 HOT VIDEOS ONLINE
981,1,sloths are great? So it's a good un-unthinkable picture? Have I dug mysel
982,1,Playoffs rematch complete! Feels good going to worlds again ğŸ˜„
983,0,ikr!! ğŸ˜§ oki welcome sam
984,1,Share the love: thanks for being top new followers this week ğŸ˜Š Want it
985,1,Thanks for the recent follow Happy to connect ğŸ˜Š have a great Thursday..14
986,1,Just a new ğŸ˜Š
987,0,My boo))):
988,1,Anne! ğŸ˜Š
989,0,but i can't
990,0,but like HOW LONG IS A WHILE?! i didn't want him to be back but he puts me in such a good mood so i don't want him
991,1,Sister cyril came to our school once ğŸ˜Š
992,1,i got goosebumps
993,0,I'm all fucked up right now ğŸ˜§
994,1,lips though
995,0,Last day of the camp tomorrow
996,1,let me know! :-) (I'M A CHAMPION!!!!!)Elder Lenore A. ArtisMinistries...
997,0,and i would never forget about you!!
998,1,i was telling you to read a book today. knowledge is power. knowledge is growth. kee
999,1,Play your part in raising funds for :
